'1007-3.26173',
'1007-3.26174',
'1007-3.26175',
'1007-3.26176',
'1007-3.26177',
'1007-3.26178',
'1007-3.26179',
'1007-3.26180',
'1007-3.26181',
'1007-3.26182',
'1007-3.26183',
'1007-3.26185',
'1007-3.26195',
'1007-3.26200',
'1007-3.26202',
'1007-3.26338',
'1007-3.26374',
'1007-3.26375',
'1007-3.26376',
'1007-3.26413',
'1007-3.26444',
'1007-3.26445',
'1007-3.26446',
'1007-3.26447',
'1007-3.26449',
'1007-3.26450',
'1007-3.26451',
'1007-3.26453',
'1007-3.26454',
'1007-3.26456',
'1007-3.26464',
'1007-3.26465',
'1007-3.26466',
'1007-3.26481',
'1007-3.26489',
'1007-3.26530',
'1007-3.26551',
'1007-3.26552',
'1007-3.26629',
'1007-3.26631',
'1007-3.26643',
'1007-3.26654',
'1007-3.26655',
'1007-3.26661',
'1007-3.26716',
'1007-3.26995',
'1007-3.27032',
'1007-3.27033',
'1007-3.27034',
'1007-3.27035',
'1007-3.27351',
'1007-3.28036',
'1007-3.28096',
'1007-3.28414',
'1007-3.28674',
'1007-3.28904',
'1007-3.28970',
'1007-3.29227',
'1007-3.29285',
'1007-3.29383',
'1007-3.29438',
'1007-3.29439',
'1007-3.29440',
'1007-3.29442',
'1007-3.29450',
'1007-3.29652',
'1007-3.29657',
'1007-3.29658',
'1007-3.29659',
'1007-3.29660',
'1007-3.29661',
'1007-3.29662',
'1007-3.29663',
'1007-3.29675',
'1007-3.29678',
'1007-3.29685',
'1007-3.29687',
'1007-3.29691',
'1007-3.29692',
'1007-3.29696',
'1007-3.29703',
'1007-3.29999',
'1007-3.30021',
'1007-3.30026',
'1007-3.30060',
'1007-3.30526',
'1007-3.30527',
'1007-3.30829',
'1007-3.30883',
'1007-3.30884',
'1007-3.31107',
'1007-3.31108',
'1007-3.31109',
'1007-3.31110',
'1007-3.31118',
'1007-3.31119',
'1007-3.31123',
'1007-3.31124',
'1007-3.31125',
'1007-3.31126',
'1007-3.31127',
'1007-3.31131',
'1007-3.31132',
'1007-3.31133',
'1007-3.31134',
'1007-3.31135',
'1007-3.31136',
'1007-3.31137',
'1007-3.31138',
'1007-3.31139',
'1007-3.31140',
'1007-3.31141',
'1007-3.31147',
'1007-3.31148',
'1007-3.31149',
'1007-3.31150',
'1007-3.31151',
'1007-3.31152',
'1007-3.31153',
'1007-3.31154',
'1007-3.31155',
'1007-3.31156',
'1007-3.31157',
'1007-3.31158',
'1007-3.31159',
'1007-3.31160',
'1007-3.31161',
'1007-3.31162',
'1007-3.31164',
'1007-3.31165',
'1007-3.31166',
'1007-3.31167',
'1007-3.31168',
'1007-3.31169',
'1007-3.31170',
'1007-3.31171',
'1007-3.31172',
'1007-3.31173',
'1007-3.31174',
'1007-3.31175',
'1007-3.31176',
'1007-3.31177',
'1007-3.31178',
'1007-3.31179',
'1007-3.31180',
'1007-3.31181',
'1007-3.31182',
'1007-3.31183',
'1007-3.31184',
'1007-3.31185',
'1007-3.31186',
'1007-3.31187',
'1007-3.31188',
'1007-3.31190',
'1007-3.31191',
'1007-3.31193',
'1007-3.31194',
'1007-3.31195',
'1007-3.31196',
'1007-3.31197',
'1007-3.31198',
'1007-3.31199',
'1007-3.31200',
'1007-3.31201',
'1007-3.31202',
'1007-3.31203',
'1007-3.31204',
'1007-3.31205',
'1007-3.31206',
'1007-3.31207',
'1007-3.31208',
'1007-3.31209',
'1007-3.31210',
'1007-3.31211',
'1007-3.31212',
'1007-3.31213',
'1007-3.31214',
'1007-3.31215',
'1007-3.31216',
'1007-3.31217',
'1007-3.31218',
'1007-3.31219',
'1007-3.31220',
'1007-3.31221',
'1007-3.31222',
'1007-3.31223',
'1007-3.31225',
'1007-3.31226',
'1007-3.31227',
'1007-3.31228',
'1007-3.31232',
'1007-3.31245',
'1111-1.1',
'1111-1.2',
'1111-1.3',
'1111-1.4',
'1111-1.5',
'1111-1.6',
'1111-1.7',
'1111-1.8',
'1111-1.9',
'1111-1.10',
'1111-1.11',
'1111-1.12',
'1111-1.13',
'1111-1.14',
'1111-1.15',
'1111-1.16',
'1111-1.47',
'1111-1.48',
'1111-1.49',
'1111-1.50',
'1111-1.70',
'1111-1.71',
'1111-1.72',
'1111-1.134',
'1111-1.135',
'1111-1.138',
'1111-1.139',
'1111-1.140',
'1111-1.141',
'1111-1.142',
'1111-1.143',
'1111-1.223',
'1111-1.234',
'1111-1.335',
'1111-1.339',
'1111-1.358',
'1111-1.359',
'1111-1.360',
'1111-1.361',
'1111-1.362',
'1111-1.363',
'1111-1.364',
'1111-1.365',
'1111-1.366',
'1111-1.367',
'1111-1.368',
'1111-1.369',
'1111-1.370',
'1111-1.371',
'1111-1.372',
'1111-1.373',
'1111-1.374',
'1111-1.375',
'1111-1.376',
'1111-1.377',
'1111-1.380',
'1111-1.470',
'1111-1.471',
'1111-1.472',
'1111-1.473',
'1111-1.474',
'1111-1.475',
'1111-1.476',
'1111-1.477',
'1111-1.478',
'1111-1.479',
'1111-1.482',
'1111-1.483',
'1111-1.484',
'1111-1.524',
'1111-1.540',
'1111-1.541',
'1111-1.553',
'1111-1.554',
'1111-1.555',
'1111-2.30',
'1111-2.46',
'1111-2.52',
'1111-2.78',
'1111-2.167',
'1111-2.176',
'1111-2.182',
'1111-2.201',
'1111-2.234',
'1111-2.235',
'1111-2.272',
'1111-2.278',
'1111-2.279',
'1111-2.280',
'1111-2.297',
'1111-2.298',
'1111-2.299',
'1111-2.317',
'1124-1.162',
'1124-1.163',
'1124-1.164',
'1476-2.187',
'1476-2.188',
'1476-2.191',
'1476-2.192',
'1476-2.193',
'1476-2.194',
'1476-2.205',
'1476-2.206',
'1476-2.207',
'1476-2.208',
'1476-2.209',
'1476-2.210',
'1476-2.211',
'1476-2.212',
'1476-2.213',
'1476-2.215',
'1476-2.216',
'1476-2.217',
'1476-2.218',
'1476-2.219',
'1476-2.233',
'1476-2.234',
'1476-2.235',
'1476-2.244',
'1476-2.248',
'1476-2.249',
'1476-2.250',
'1476-2.278',
'1476-2.279',
'1476-2.280',
'1476-2.284',
'1476-2.286',
'1476-2.287',
'1826-2.13',
'1826-2.1585',
'18-4.231',
'18-4.267',
'18-4.331',
'18-4.332',
'18-4.333',
'18-4.334',
'18-4.335',
'18-4.336',
'18-4.337',
'18-4.353',
'18-4.354',
'18-4.355',
'18-4.356',
'18-4.357',
'18-4.358',
'18-4.369',
'18-4.372',
'18-4.373',
'18-4.615',
'18-4.616',
'18-4.617',
'18-4.618',
'18-4.619',
'18-4.620',
'18-4.667',
'18-4.668',
'18-4.669',
'18-4.670',
'18-4.671',
'18-4.672',
'18-4.673',
'18-4.674',
'18-4.675',
'18-4.718',
'18-4.726',
'18-4.727',
'18-4.728',
'18-4.730',
'18-4.731',
'18-4.732',
'18-4.733',
'18-4.734',
'18-4.735',
'18-4.736',
'292-1.579',
'292-1.580',
'292-1.581',
'292-1.582',
'292-1.583',
'292-1.584',
'292-1.585',
'292-1.586',
'292-1.587',
'292-1.588',
'292-1.589',
'292-1.590',
'292-1.591',
'292-1.592',
'292-1.593',
'292-1.594',
'292-1.595',
'292-1.596',
'292-1.597',
'292-1.598',
'292-1.599',
'292-1.600',
'292-1.601',
'292-1.602',
'292-1.603',
'292-1.604',
'292-1.605',
'292-1.606',
'292-1.614',
'292-1.616',
'292-1.659-d ',
'712-6   .5',
'712-7.59',
'712-9  .64',
'713-9.1',
'713-9.2',
'713-9.3',
'713-9.4',
'713-9.5',
'713-9.6',
'713-9.7',
'713-9.8',
'713-9.9',
'713-9.10',
'713-9.11',
'713-9.12',
'713-9.13',
'713-9.14',
'713-9.15',
'713-9.16',
'713-9.17',
'713-9.18',
'713-9.19',
'713-9.20',
'713-9.21',
'713-9.22',
'713-9.23',
'713-9.24',
'713-9.25',
'713-9.26',
'713-9.27',
'713-9.28',
'713-9.29',
'713-9.30',
'713-9.31',
'713-9.32',
'713-9.33',
'713-9.34',
'713-9.35',
'713-9.36',
'713-9.37',
'713-9.38',
'713-9.39',
'713-9.40',
'713-9.41',
'713-9.42',
'713-9.43',
'713-9.44',
'713-9.45',
'713-9.46',
'713-9.47',
'714-1   .136',
'714-2   .236',
'715-1  .992',
'715-3.80-a',
'715-3.200',
'777-1.94',
'777-1.459',
'794-1.131',
'812-7.16',
'821-1.1',
'821-1.2',
'821-1.3',
'821-1.4',
'821-1.5',
'821-1.6',
'821-1.7',
'821-1.8',
'821-1.9',
'821-1.10',
'821-1.11',
'821-1.12',
'821-1.13',
'821-1.14',
'821-1.15',
'821-1.16',
'821-1.17',
'821-1.18',
'821-1.19',
'821-1.20',
'821-1.21',
'821-1.22',
'821-1.23',
'821-1.24',
'821-1.25',
'821-1.26',
'821-1.27',
'821-1.28',
'821-1.29',
'821-1.30',
'821-1.31',
'821-1.32',
'821-1.33',
'821-1.34',
'821-1.35',
'821-1.36',
'821-1.37',
'821-1.38',
'821-1.39',
'821-1.40',
'821-1.39',
'821-1.40',
'821-1.41',
'821-1.42',
'821-1.43',
'821-1.44',
'821-1.45',
'821-1.46',
'821-1.47',
'821-1.48',
'821-1.49',
'821-1.50',
'821-1.51',
'821-1.52',
'821-1.53',
'821-1.54',
'821-1.55',
'821-1.56',
'821-1.57',
'821-1.58',
'821-1.59',
'821-1.60',
'821-1.61',
'821-1.62',
'821-1.63',
'821-1.64',
'821-1.65',
'821-1.66',
'821-1.67',
'821-1.68',
'821-1.69',
'821-1.70',
'821-1.71',
'821-1.72',
'821-1.73',
'821-1.74',
'821-1.75',
'821-1.76',
'821-1.77',
'821-1.78',
'821-1.79',
'821-1.80',
'821-1.81',
'821-1.82',
'821-1.83',
'821-1.84',
'821-1.85',
'821-1.86',
'821-1.87',
'821-1.88',
'821-1.89',
'821-1.90',
'821-1.91',
'821-1.92',
'821-1.93',
'821-1.95',
'821-1.96',
'821-1.97',
'821-1.98',
'821-1.99',
'821-1.100',
'821-1.101',
'821-1.102',
'821-1.103',
'821-1.104',
'821-1.105',
'821-1.106',
'821-1.107',
'821-1.108',
'821-1.109',
'821-1.110',
'821-1.111',
'821-1.112',
'821-1.113',
'821-1.114',
'821-1.115',
'821-1.116',
'821-1.117',
'821-1.118',
'821-1.119',
'821-1.120',
'821-1.121',
'821-1.122',
'822-6.86',
'822-6.86',
'831-11   .34',
'831-9.1',
'831-9.2',
'831-9.3',
'831-9.4',
'831-9.5',
'831-9.6',
'842-3.49',
'918.194',
'918.195',
'918.196',
'918.197',
'918.198',
'918.199',
'918.200',
'918.201',
'918.202',
'918.203',
'918.204',
'918.205',
'918.206',
'918.207',
'918.208',
'918.209',
'918.210',
'918.211',
'918.212',
'918.213',
'918.214',
'918.215',
'918.216',
'918.217',
'918.218',
'918.219',
'918.220',
'918.221',
'918.222',
'918.223',
'918.224',
'918.225',
'918.226',
'918.227',
'918.228',
'918.229',
'918.230',
'943.329',
'943.330',
'943.331',
'943.332',
'943.452',
'943.453',
'943.454',
'943.455',
'943.456',
'943.457',
'943.617-a',
'943.661',
'943.662',
'943.663',
'943.664',
'943.665',
'948.17',
'948.54',
'948.62',
'948.63',
'948.64',
'948.65',
'948.159',
'948.160',
'948.161',
'948.162',
'948.451',
'948.452',
'948.453',
'948.454',
'948.455',
'948.456',
'948.457',
'948.458',
'948.459',
'948.460',
'948.461',
'948.462',
'948.463',
'948.464',
'948.465',
'948.466',
'948.467',
'948.468',
'948.472',
'948.473',
'948.475',
'948.476',
'948.477',
'948.478',
'948.479',
'948.565',
'948.566',
'948.567',
'948.568',
'948.569',
'948.570',
'948.571',
'948.572',
'948.573',
'948.574',
'949.679',
'949.691',
'949.692',
'949.693',
'949.695',
'949.696',
'949.805',
'949.815',
'949.875',
'949.876',
'949.879',
'949.881',
'949.882',
'949.887',
'949.899',
'949.934',
'949.1004',
'949.1005',
'949.1006',
'949.1007',
'949.1008',
'949.1009',
'949.1010',
'949.1011',
'949.1012',
'949.1013',
'949.1014',
'949.1015',
'949.1016',
'949.1017',
'949.1018',
'949.1019',
'949.1020',
'949.1021',
'949.1022',
'949.1023',
'949.1024',
'949.1025',
'949.1026',
'949.1027',
'949.1028',
'949.1029',
'949.1030',
'949.1031',
'951.18',
'951.19',
'951.20',
'951.21',
'958.1111',
'958.1112',
'958.1113',
'958.1114',
'958.1115',
'958.1116',
'958.1117',
'958.1118',
'958.1119',
'958.1120',
'958.1121',
'958.1122',
'958.1123',
'958.1124',
'958.1125',
'958.1126',
'958.1127',
'958.1128',
'958.1129',
'958.1130',
'958.1131',
'958.1132',
'958.1133',
'958.1134',
'958.1135',
'958.1136',
'958.1137',
'958.1138',
'958.1139',
'958.1140',
'958.1141',
'958.1142',
'958.1143',
'958.1144',
'958.1145',
'958.1146',
'958.1147',
'958.1148',
'958.1149',
'958.1150',
'958.1151-1',
'958.1151-2',
'958.1152',
'958.1153',
'958.1154',
'958.1155',
'958.1156',
'958.1157',
'958.1158',
'958.1159',
'958.1160',
'958.1161',
'958.1162',
'958.1163',
'958.1164',
'958.1165',
'958.1166',
'958.1167',
'958.1168',
'958.1169',
'958.1170',
'958.1171',
'958.1172',
'958.1173',
'958.1174',
'958.1175',
'958.1176',
'958.1177',
'958.1178',
'958.1179',
'958.1180',
'958.1181',
'958.1182',
'958.1183',
'958.1184',
'958.1185',
'958.1186',
'958.1187',
'958.1188',
'958.1193',
'958.1194',
'958.1195',
'958.1196',
'958.1197',
'958.1198',
'958.1199',
'958.1200',
'958.1201',
'958.1202',
'958.1203',
'958.1204',
'958.1205',
'958.1206',
'958.1207',
'958.1208',
'958.1209',
'958.1210',
'958.1211',
'958.1212',
'958.1213',
'958.1214',
'958.1215',
'958.1216',
'958.1217',
'958.1218',
'958.1219',
'958.1220',
'958.1221',
'958.1222',
'958.1223',
'958.1224',
'958.1225',
'958.1226',
'958.1227',
'958.1228',
'958.1229',
'958.1230',
'958.1231',
'958.1232',
'958.1233',
'958.1234',
'958.1235',
'971.130',
'971.168',
'971.169',
'971.262',
'971.347',
'971.526',
'971.547',
'971.548',
'971.552',
'971.554',
'971.557',
'971.1635',
'1810.65',
'1810.100',
'1867.1',
'1867.2',
'1867.3',
'1867.4',
'1867.5',
'1867.6',
'1867.7',
'1867.8',
'1867.9',
'1867.10',
'1867.11',
'1867.12',
'1867.13',
'1867.14',
'1867.15',
'1867.16',
'1867.17',
'1867.18',
'1867.19',
'1867.20',
'1867.21',
'1867.22',
'1867.23',
'1867.24',
'1867.25',
'1867.26',
'1867.27',
'1867.28',
'1867.29',
'1867.30',
'1867.31',
'1867.32',
'1867.33',
'1867.34',
'1867.35',
'1867.36',
'1867.37',
'1867.38',
'1867.39',
'1867.40',
'1867.41',
'1867.42',
'1867.43',
'1867.44',
'1867.45',
'1867.46',
'1867.47',
'1867.48',
'1867.49',
'1867.50',
'1867.51',
'1867.52',
'1867.53',
'1867.54',
'1867.55',
'1867.56',
'1867.57',
'1867.58',
'1867.59',
'1867.60',
'1867.61',
'1867.62',
'1867.63',
'1867.64',
'1867.65',
'1867.66',
'1867.67',
'1867.68',
'1867.69',
'1867.70',
'1867.71',
'1867.72',
'1867.73',
'1867.74',
'1867.75',
'1867.76',
'1867.77',
'1867.78',
'1867.79',
'1867.80',
'1867.81',
'1867.82',
'1867.83',
'1975.1',
'1975.2',
'1975.3',
'1975.4',
'1975.5',
'1975.6',
'1975.7',
'1975.8',
'1975.9',
'1975.10',
'1975.11',
'1975.12',
'1975.13',
'1975.14',
'1975.15',
'1975.16',
'1975.17',
'1975.18',
'1975.19',
'1975.20',
'1975.21',
'1975.22',
'1975.23',
'1975.24',
'1975.25',
'1975.26',
'1975.27',
'1975.28',
'1975.29',
'1975.30',
'1975.31',
'1975.32',
'1975.33',
'1975.34',
'1975.35',
'1975.36',
'1975.37',
'1975.38',
'1975.39',
'1975.40',
'1975.41',
'1975.42',
'1975.43',
'1975.44'